datetime,ventas
2026-01-01 11:00:00,2.6
2026-01-01 12:00:00,41.0
2026-01-01 13:00:00,260.6
2026-01-01 14:00:00,160.1
2026-01-01 15:00:00,212.3
2026-01-01 16:00:00,195.70000000000002
2026-01-01 17:00:00,264.5
2026-01-01 18:00:00,102.2
2026-01-01 19:00:00,86.2
2026-01-01 20:00:00,125.80000000000001
2026-01-01 21:00:00,225.4
2026-01-01 22:00:00,121.39999999999999
2026-01-01 23:00:00,31.1
2026-01-02 12:00:00,1.8
2026-01-02 13:00:00,40.5
2026-01-02 14:00:00,57.7
2026-01-02 15:00:00,93.4
2026-01-02 16:00:00,134.0
2026-01-02 17:00:00,167.0
2026-01-02 18:00:00,245.0
2026-01-02 19:00:00,263.2
2026-01-02 20:00:00,222.6
2026-01-02 21:00:00,168.1
2026-01-02 22:00:00,96.7
2026-01-02 23:00:00,123.5
2026-01-03 00:00:00,16.0
2026-01-03 12:00:00,17.0
2026-01-03 13:00:00,3.8
2026-01-03 14:00:00,32.2
2026-01-03 15:00:00,76.7
2026-01-03 16:00:00,118.1
2026-01-03 17:00:00,42.9
2026-01-03 18:00:00,124.1
2026-01-03 19:00:00,215.7
2026-01-03 20:00:00,104.7
2026-01-03 21:00:00,57.2
2026-01-03 22:00:00,119.5
2026-01-03 23:00:00,120.1
2026-01-04 00:00:00,21.400000000000002
2026-01-04 12:00:00,11.9
2026-01-04 13:00:00,58.7
2026-01-04 14:00:00,57.0
2026-01-04 15:00:00,129.1
2026-01-04 16:00:00,105.9
2026-01-04 17:00:00,110.89999999999999
2026-01-04 18:00:00,217.3
2026-01-04 19:00:00,326.1
2026-01-04 20:00:00,243.0
2026-01-04 21:00:00,107.7
2026-01-04 22:00:00,82.60000000000001
2026-01-04 23:00:00,11.2
2026-01-05 12:00:00,16.0
2026-01-05 13:00:00,12.7
2026-01-05 14:00:00,34.1
2026-01-05 15:00:00,48.1
2026-01-05 16:00:00,134.0
2026-01-05 17:00:00,242.2
2026-01-05 18:00:00,307.6
2026-01-05 19:00:00,192.2
2026-01-05 20:00:00,359.7
2026-01-05 21:00:00,166.6
2026-01-05 22:00:00,90.8
2026-01-05 23:00:00,24.1
2026-01-06 12:00:00,29.5
2026-01-06 13:00:00,41.8
2026-01-06 14:00:00,22.5
2026-01-06 15:00:00,76.3
2026-01-06 16:00:00,150.3
2026-01-06 17:00:00,50.6
2026-01-06 18:00:00,35.2
2026-01-06 19:00:00,142.8
2026-01-06 20:00:00,46.4
2026-01-06 21:00:00,30.4
2026-01-06 22:00:00,18.8
2026-01-06 23:00:00,9.3
2026-01-07 14:00:00,4.5
2026-01-07 15:00:00,21.1
2026-01-07 16:00:00,63.5
2026-01-07 17:00:00,30.1
2026-01-07 18:00:00,82.4
2026-01-07 19:00:00,100.80000000000001
2026-01-07 20:00:00,32.3
2026-01-07 21:00:00,43.8
2026-01-07 22:00:00,47.5
2026-01-07 23:00:00,20.2
2026-01-08 12:00:00,6.199999999999999
2026-01-08 13:00:00,27.9
2026-01-08 14:00:00,13.899999999999999
2026-01-08 15:00:00,19.1
2026-01-08 16:00:00,3.7
2026-01-08 17:00:00,14.9
2026-01-08 18:00:00,145.8
2026-01-08 19:00:00,56.0
2026-01-08 20:00:00,48.7
2026-01-08 21:00:00,20.3
2026-01-09 16:00:00,9.0
2026-01-09 17:00:00,33.2
2026-01-09 18:00:00,31.9
2026-01-09 19:00:00,33.3
2026-01-09 20:00:00,7.6
2026-01-09 21:00:00,33.1
2026-01-09 22:00:00,39.5
2026-01-09 23:00:00,58.2
2026-01-10 00:00:00,5.2
2026-01-10 12:00:00,36.0
2026-01-10 14:00:00,21.8
2026-01-10 15:00:00,45.2
2026-01-10 16:00:00,50.1
2026-01-10 17:00:00,60.0
2026-01-10 18:00:00,145.7
2026-01-10 19:00:00,97.7
2026-01-10 20:00:00,172.5
2026-01-10 21:00:00,111.8
2026-01-10 22:00:00,170.2
2026-01-10 23:00:00,164.0
2026-01-11 00:00:00,44.6
2026-01-11 12:00:00,6.2
2026-01-11 13:00:00,24.0
2026-01-11 14:00:00,15.3
2026-01-11 15:00:00,130.3
2026-01-11 16:00:00,212.8
2026-01-11 17:00:00,187.8
2026-01-11 18:00:00,101.5
2026-01-11 19:00:00,77.7
2026-01-11 20:00:00,70.7
2026-01-11 21:00:00,54.9
2026-01-11 22:00:00,13.8
2026-01-11 23:00:00,41.7
2026-01-12 14:00:00,4.1
2026-01-12 15:00:00,20.799999999999997
2026-01-12 16:00:00,10.5
2026-01-12 17:00:00,41.0
2026-01-12 18:00:00,112.5
2026-01-12 19:00:00,60.400000000000006
2026-01-12 20:00:00,60.2
2026-01-12 21:00:00,13.3
2026-01-12 22:00:00,53.1
2026-01-14 12:00:00,11.100000000000001
2026-01-14 14:00:00,17.0
2026-01-14 15:00:00,59.3
2026-01-14 16:00:00,125.89999999999999
2026-01-14 17:00:00,49.5
2026-01-14 18:00:00,122.8
2026-01-14 19:00:00,84.8
2026-01-14 20:00:00,58.9
2026-01-14 21:00:00,34.3
2026-01-14 22:00:00,14.9
2026-01-14 23:00:00,6.2
2026-01-15 13:00:00,4.1
2026-01-15 14:00:00,43.8
2026-01-15 15:00:00,27.7
2026-01-15 16:00:00,12.100000000000001
2026-01-15 17:00:00,6.800000000000001
2026-01-15 18:00:00,6.8
2026-01-15 19:00:00,67.1
2026-01-15 20:00:00,74.0
2026-01-15 21:00:00,10.4
2026-01-15 22:00:00,19.299999999999997
2026-01-16 12:00:00,7.8
2026-01-16 13:00:00,37.4
2026-01-16 14:00:00,9.3
2026-01-16 15:00:00,13.7
2026-01-16 16:00:00,89.4
2026-01-16 17:00:00,25.1
2026-01-16 18:00:00,72.5
2026-01-16 19:00:00,143.2
2026-01-16 20:00:00,98.0
2026-01-16 21:00:00,29.1
2026-01-16 22:00:00,76.7
2026-01-16 23:00:00,25.4
2026-01-17 00:00:00,14.4
2026-01-17 13:00:00,24.7
2026-01-17 14:00:00,0.0
2026-01-17 15:00:00,68.2
2026-01-17 16:00:00,33.0
2026-01-17 17:00:00,108.2
2026-01-17 18:00:00,122.1
2026-01-17 19:00:00,89.1
2026-01-17 20:00:00,84.8
2026-01-17 21:00:00,129.5
2026-01-17 22:00:00,59.9
2026-01-17 23:00:00,67.2
2026-01-18 00:00:00,15.1
2026-01-18 13:00:00,12.2
2026-01-18 14:00:00,44.3
2026-01-18 15:00:00,73.3
2026-01-18 16:00:00,83.4
2026-01-18 17:00:00,73.3
2026-01-18 18:00:00,88.7
2026-01-18 19:00:00,247.5
2026-01-18 20:00:00,82.1
2026-01-18 21:00:00,69.9
2026-01-18 22:00:00,66.0
2026-01-18 23:00:00,7.4
2026-01-19 13:00:00,34.5
2026-01-19 14:00:00,10.1
2026-01-19 15:00:00,7.4
2026-01-19 16:00:00,65.2
2026-01-19 17:00:00,69.6
2026-01-19 18:00:00,119.8
2026-01-19 19:00:00,87.3
2026-01-19 20:00:00,74.8
2026-01-19 21:00:00,9.7
2026-01-19 22:00:00,5.7
2026-01-21 14:00:00,25.5
2026-01-21 15:00:00,20.3
2026-01-21 16:00:00,23.8
2026-01-21 17:00:00,23.5
2026-01-21 18:00:00,26.3
2026-01-21 19:00:00,52.3
2026-01-21 20:00:00,71.3
2026-01-21 21:00:00,11.9
2026-01-21 22:00:00,20.2
2026-01-22 12:00:00,8.2
2026-01-22 14:00:00,5.6
2026-01-22 15:00:00,22.5
2026-01-22 16:00:00,44.2
2026-01-22 17:00:00,104.0
2026-01-22 18:00:00,74.3
2026-01-22 19:00:00,89.6
2026-01-22 20:00:00,36.1
2026-01-22 21:00:00,15.0
2026-01-22 22:00:00,88.39999999999999
2026-01-22 23:00:00,14.200000000000001
2026-01-23 12:00:00,10.3
2026-01-23 14:00:00,3.7
2026-01-23 15:00:00,39.8
2026-01-23 16:00:00,50.7
2026-01-23 17:00:00,45.4
2026-01-23 18:00:00,95.7
2026-01-23 19:00:00,47.0
2026-01-23 20:00:00,30.6
2026-01-23 21:00:00,63.900000000000006
2026-01-23 22:00:00,122.0
2026-01-23 23:00:00,101.4
2026-01-24 00:00:00,43.4
2026-01-24 13:00:00,4.4
2026-01-24 14:00:00,133.9
2026-01-24 15:00:00,108.8
2026-01-24 16:00:00,63.9
2026-01-24 17:00:00,113.4
2026-01-24 18:00:00,122.30000000000001
2026-01-24 19:00:00,56.7
2026-01-24 20:00:00,25.3
2026-01-24 21:00:00,86.5
2026-01-24 22:00:00,182.4
2026-01-24 23:00:00,91.2
2026-01-25 00:00:00,63.2
2026-01-25 12:00:00,11.4
2026-01-25 13:00:00,6.0
2026-01-25 14:00:00,62.7
2026-01-25 15:00:00,52.3
2026-01-25 16:00:00,61.5
2026-01-25 17:00:00,20.9
2026-01-25 18:00:00,43.0
2026-01-25 19:00:00,24.0
2026-01-25 20:00:00,27.5
2026-01-25 21:00:00,16.1
2026-01-25 22:00:00,9.3
2026-01-25 23:00:00,16.7
2026-01-26 13:00:00,8.7
2026-01-26 15:00:00,7.6
2026-01-26 17:00:00,40.1
2026-01-26 18:00:00,27.0
2026-01-26 19:00:00,59.4
2026-01-26 20:00:00,23.5
2026-01-26 21:00:00,17.1
2026-01-26 22:00:00,87.7
2026-01-26 23:00:00,17.700000000000003
2026-01-28 13:00:00,2.5
2026-01-28 14:00:00,21.1
2026-01-28 15:00:00,75.6
2026-01-28 16:00:00,7.8
2026-01-28 17:00:00,61.3
2026-01-28 18:00:00,117.2
2026-01-28 19:00:00,104.3
2026-01-28 20:00:00,82.4
2026-01-28 21:00:00,45.4
2026-01-28 22:00:00,57.1
2026-01-28 23:00:00,7.4
2026-01-29 12:00:00,6.2
2026-01-29 13:00:00,3.1
2026-01-29 14:00:00,27.9
2026-01-29 15:00:00,53.6
2026-01-29 16:00:00,106.89999999999999
2026-01-29 17:00:00,106.9
2026-01-29 18:00:00,110.0
2026-01-29 19:00:00,59.8
2026-01-29 20:00:00,28.1
2026-01-29 21:00:00,9.3
2026-01-29 22:00:00,6.2
2026-01-30 12:00:00,20.0
2026-01-30 13:00:00,37.0
2026-01-30 14:00:00,8.7
2026-01-30 15:00:00,56.4
2026-01-30 16:00:00,39.0
2026-01-30 17:00:00,35.4
2026-01-30 18:00:00,48.6
2026-01-30 19:00:00,27.6
2026-01-30 20:00:00,82.3
2026-01-30 21:00:00,31.2
2026-01-30 22:00:00,69.7
2026-01-30 23:00:00,50.4
2026-01-31 00:00:00,26.3
2026-01-31 14:00:00,77.9
2026-01-31 15:00:00,68.9
2026-01-31 16:00:00,139.6
2026-01-31 17:00:00,87.1
2026-01-31 18:00:00,229.8
2026-01-31 19:00:00,209.6
2026-01-31 20:00:00,110.2
2026-01-31 21:00:00,116.5
2026-01-31 22:00:00,165.2
2026-01-31 23:00:00,170.1
2026-02-01 00:00:00,43.2
2026-02-01 12:00:00,17.0
2026-02-01 13:00:00,60.7
2026-02-01 14:00:00,46.0
2026-02-01 15:00:00,308.6
2026-02-01 16:00:00,352.40000000000003
2026-02-01 17:00:00,248.1
2026-02-01 18:00:00,97.2
2026-02-01 19:00:00,214.4
2026-02-01 20:00:00,245.9
2026-02-01 21:00:00,130.4
2026-02-01 22:00:00,43.0
2026-02-01 23:00:00,55.0
2026-02-02 13:00:00,15.5
2026-02-02 14:00:00,26.700000000000003
2026-02-02 15:00:00,34.2
2026-02-02 16:00:00,62.800000000000004
2026-02-02 17:00:00,133.70000000000002
2026-02-02 18:00:00,73.6
2026-02-02 19:00:00,59.9
2026-02-02 20:00:00,42.6
2026-02-02 21:00:00,14.0
2026-02-04 13:00:00,69.9
2026-02-04 14:00:00,18.4
2026-02-04 15:00:00,58.900000000000006
2026-02-04 16:00:00,89.7
2026-02-04 17:00:00,50.0
2026-02-04 18:00:00,40.0
2026-02-04 19:00:00,75.8
2026-02-04 20:00:00,78.0
2026-02-04 21:00:00,8.0
2026-02-04 22:00:00,60.6
2026-02-04 23:00:00,7.4
2026-02-05 12:00:00,3.1
2026-02-05 13:00:00,7.4
2026-02-05 14:00:00,6.2
2026-02-05 15:00:00,59.599999999999994
2026-02-05 16:00:00,100.1
2026-02-05 17:00:00,72.5
2026-02-05 18:00:00,81.3
2026-02-05 19:00:00,67.4
2026-02-05 20:00:00,35.5
2026-02-05 21:00:00,95.4
2026-02-05 22:00:00,33.7
2026-02-05 23:00:00,14.8
2026-02-06 13:00:00,3.1
2026-02-06 14:00:00,3.1
2026-02-06 15:00:00,55.5
2026-02-06 16:00:00,122.8
2026-02-06 17:00:00,68.6
2026-02-06 18:00:00,73.4
2026-02-06 19:00:00,130.1
2026-02-06 20:00:00,127.0
2026-02-06 21:00:00,162.3
2026-02-06 22:00:00,175.8
2026-02-06 23:00:00,144.1
2026-02-07 00:00:00,48.6
2026-02-07 14:00:00,50.4
2026-02-07 15:00:00,79.2
2026-02-07 16:00:00,114.1
2026-02-07 17:00:00,100.6
2026-02-07 18:00:00,262.7
2026-02-07 19:00:00,254.1
2026-02-07 20:00:00,94.1
2026-02-07 21:00:00,153.0
2026-02-07 22:00:00,191.1
2026-02-07 23:00:00,159.0
2026-02-08 00:00:00,89.8
2026-02-08 13:00:00,68.1
2026-02-08 14:00:00,49.400000000000006
2026-02-08 15:00:00,212.20000000000002
2026-02-08 16:00:00,248.6
2026-02-08 17:00:00,217.5
2026-02-08 18:00:00,307.6
2026-02-08 19:00:00,390.5
2026-02-08 20:00:00,136.9
2026-02-08 21:00:00,77.8
2026-02-08 22:00:00,83.8
2026-02-13 15:00:00,22.5
2026-02-13 16:00:00,22.4
2026-02-13 17:00:00,15.6
2026-02-13 18:00:00,46.5
2026-02-13 19:00:00,34.1
2026-02-13 20:00:00,54.5
2026-02-13 21:00:00,75.2
2026-02-13 22:00:00,101.4
2026-02-13 23:00:00,105.7
2026-02-14 00:00:00,43.2
2026-02-14 12:00:00,16.9
2026-02-14 13:00:00,39.2
2026-02-14 14:00:00,56.3
2026-02-14 15:00:00,80.9
2026-02-14 16:00:00,103.6
2026-02-14 17:00:00,69.0
2026-02-14 18:00:00,75.7
2026-02-14 19:00:00,224.4
2026-02-14 20:00:00,59.1
2026-02-14 21:00:00,53.2
2026-02-14 22:00:00,146.2
2026-02-14 23:00:00,162.2
2026-02-15 00:00:00,199.4
2026-02-15 12:00:00,7.8
2026-02-15 13:00:00,115.39999999999999
2026-02-15 14:00:00,151.5
2026-02-15 15:00:00,324.7
2026-02-15 16:00:00,380.3
2026-02-15 17:00:00,315.6
2026-02-15 18:00:00,170.1
2026-02-15 19:00:00,234.2
2026-02-15 20:00:00,151.8
2026-02-15 21:00:00,108.1
2026-02-15 22:00:00,49.3
2026-02-15 23:00:00,27.5
2026-02-16 14:00:00,14.7
2026-02-16 15:00:00,19.099999999999998
2026-02-16 16:00:00,24.8
2026-02-16 17:00:00,30.2
2026-02-16 18:00:00,55.4
2026-02-16 19:00:00,30.8
2026-02-16 20:00:00,42.6
2026-02-16 21:00:00,47.7
2026-02-16 22:00:00,23.7
2026-02-17 12:00:00,11.3
2026-02-17 13:00:00,6.8
2026-02-17 14:00:00,53.8
2026-02-17 15:00:00,84.3
2026-02-17 16:00:00,123.5
2026-02-17 17:00:00,135.9
2026-02-17 18:00:00,234.9
2026-02-17 19:00:00,214.6
2026-02-17 20:00:00,215.4
2026-02-17 21:00:00,102.39999999999999
2026-02-17 22:00:00,97.5
2026-02-17 23:00:00,6.8
2026-02-18 12:00:00,53.099999999999994
2026-02-18 13:00:00,19.9
2026-02-18 14:00:00,3.4
2026-02-18 15:00:00,110.2
2026-02-18 16:00:00,69.6
2026-02-18 17:00:00,47.7
2026-02-18 18:00:00,65.9
2026-02-18 19:00:00,78.1
2026-02-18 20:00:00,68.6
2026-02-18 21:00:00,50.2
2026-02-18 22:00:00,71.8
2026-02-18 23:00:00,22.9
2026-02-19 12:00:00,4.5
2026-02-19 14:00:00,52.6
2026-02-19 15:00:00,34.7
2026-02-19 16:00:00,7.8
2026-02-19 17:00:00,101.1
2026-02-19 18:00:00,86.8
2026-02-19 19:00:00,69.3
2026-02-19 20:00:00,83.6
2026-02-19 21:00:00,19.1
2026-02-19 22:00:00,21.7
2026-02-20 12:00:00,45.7
2026-02-20 13:00:00,31.8
2026-02-20 14:00:00,63.4
2026-02-20 15:00:00,119.5
2026-02-20 16:00:00,164.0
2026-02-20 17:00:00,155.4
2026-02-20 18:00:00,246.8
2026-02-20 19:00:00,438.7
2026-02-20 20:00:00,120.9
2026-02-20 21:00:00,74.6
2026-02-20 22:00:00,219.1
2026-02-20 23:00:00,206.5
2026-02-21 00:00:00,44.699999999999996
2026-02-21 12:00:00,87.4
2026-02-21 13:00:00,46.4
2026-02-21 14:00:00,191.79999999999998
2026-02-21 15:00:00,351.4
2026-02-21 16:00:00,534.4
2026-02-21 17:00:00,437.3
2026-02-21 18:00:00,482.1
2026-02-21 19:00:00,393.40000000000003
2026-02-21 20:00:00,174.8
2026-02-21 21:00:00,198.8
2026-02-21 22:00:00,336.0
2026-02-21 23:00:00,208.29999999999998
2026-02-22 00:00:00,43.3
2026-02-22 12:00:00,51.2
2026-02-22 13:00:00,73.6
2026-02-22 14:00:00,223.5
2026-02-22 15:00:00,354.8
2026-02-22 16:00:00,593.0
2026-02-22 17:00:00,395.2
2026-02-22 18:00:00,367.5
2026-02-22 19:00:00,245.0
2026-02-22 20:00:00,143.9
2026-02-22 21:00:00,87.6
2026-02-22 22:00:00,71.4
2026-02-22 23:00:00,40.5
2026-02-23 12:00:00,6.8
2026-02-23 13:00:00,32.699999999999996
2026-02-23 14:00:00,38.8
2026-02-23 15:00:00,44.0
2026-02-23 16:00:00,65.3
2026-02-23 17:00:00,181.6
2026-02-23 18:00:00,180.0
2026-02-23 19:00:00,176.5
2026-02-23 20:00:00,105.89999999999999
2026-02-23 21:00:00,43.0
2026-02-23 22:00:00,48.800000000000004
2026-02-23 23:00:00,21.2
2026-02-24 00:00:00,78.2
2026-02-24 13:00:00,43.6
2026-02-24 14:00:00,52.8
2026-02-24 15:00:00,93.0
2026-02-24 16:00:00,94.89999999999999
2026-02-24 17:00:00,267.4
2026-02-24 18:00:00,354.0
2026-02-24 19:00:00,208.6
2026-02-24 20:00:00,162.0
2026-02-24 21:00:00,37.8
2026-02-24 22:00:00,12.7
2026-02-24 23:00:00,3.9
2026-02-25 12:00:00,15.0
2026-02-25 13:00:00,18.5
2026-02-25 14:00:00,20.4
2026-02-25 15:00:00,81.7
2026-02-25 16:00:00,126.39999999999999
2026-02-25 17:00:00,208.9
2026-02-25 18:00:00,322.4
2026-02-25 19:00:00,261.9
2026-02-25 20:00:00,163.4
2026-02-25 21:00:00,29.7
2026-02-25 22:00:00,56.3
2026-02-25 23:00:00,15.8
2026-02-26 12:00:00,3.4
2026-02-26 13:00:00,24.799999999999997
2026-02-26 14:00:00,64.6
2026-02-26 15:00:00,141.8
2026-02-26 16:00:00,155.5
2026-02-26 17:00:00,265.8
2026-02-26 18:00:00,198.1
2026-02-26 19:00:00,177.9
2026-02-26 20:00:00,119.5
2026-02-26 21:00:00,32.5
2026-02-26 22:00:00,69.5
2026-02-26 23:00:00,37.3
2026-02-27 12:00:00,19.0
2026-02-27 15:00:00,56.5
2026-02-27 16:00:00,55.1
2026-02-27 17:00:00,73.7
2026-02-27 18:00:00,96.9
2026-02-27 19:00:00,109.5
2026-02-27 20:00:00,63.7
2026-02-27 21:00:00,67.6
2026-02-27 22:00:00,158.5
2026-02-27 23:00:00,122.6
2026-02-28 00:00:00,72.5
2026-02-28 12:00:00,5.3
2026-02-28 13:00:00,43.900000000000006
2026-02-28 14:00:00,102.3
2026-02-28 15:00:00,280.2
2026-02-28 16:00:00,425.4
2026-02-28 17:00:00,449.3
2026-02-28 18:00:00,270.09999999999997
2026-02-28 19:00:00,262.2
2026-02-28 20:00:00,134.3
2026-02-28 21:00:00,185.8
2026-02-28 22:00:00,266.6
2026-02-28 23:00:00,205.2
2026-03-01 00:00:00,104.30000000000001
2026-03-01 12:00:00,29.1
2026-03-01 13:00:00,102.8
2026-03-01 14:00:00,253.2
2026-03-01 15:00:00,392.7
2026-03-01 16:00:00,507.4
2026-03-01 17:00:00,549.2
2026-03-01 18:00:00,454.9
2026-03-01 19:00:00,467.3
2026-03-01 20:00:00,277.1
2026-03-01 21:00:00,127.0
2026-03-01 22:00:00,84.8
2026-03-01 23:00:00,21.5
2026-03-02 13:00:00,43.4
2026-03-02 14:00:00,57.199999999999996
2026-03-02 15:00:00,58.3
2026-03-02 16:00:00,121.9
2026-03-02 17:00:00,187.7
2026-03-02 18:00:00,199.0
2026-03-02 19:00:00,117.9
2026-03-02 20:00:00,133.3
2026-03-02 21:00:00,50.7
2026-03-02 22:00:00,40.0
2026-03-02 23:00:00,33.2
2026-03-04 12:00:00,3.4
2026-03-04 13:00:00,80.60000000000001
2026-03-04 14:00:00,48.0
2026-03-04 15:00:00,162.29999999999998
2026-03-04 16:00:00,200.1
2026-03-04 17:00:00,228.3
2026-03-04 18:00:00,333.0
2026-03-04 19:00:00,230.5
2026-03-04 20:00:00,151.7
2026-03-04 21:00:00,110.7
2026-03-04 22:00:00,125.8
2026-03-04 23:00:00,15.1
2026-03-05 12:00:00,28.8
2026-03-05 13:00:00,3.4
2026-03-05 14:00:00,35.3
2026-03-05 15:00:00,31.3
2026-03-05 16:00:00,40.3
2026-03-05 17:00:00,31.4
2026-03-05 18:00:00,113.7
2026-03-05 19:00:00,101.0
2026-03-05 20:00:00,13.200000000000001
2026-03-05 21:00:00,6.4
2026-03-05 22:00:00,19.2
2026-03-06 13:00:00,15.8
2026-03-06 14:00:00,5.0
2026-03-06 15:00:00,62.4
2026-03-06 16:00:00,24.4
2026-03-06 17:00:00,39.1
2026-03-06 18:00:00,21.0
2026-03-06 19:00:00,96.3
2026-03-06 20:00:00,19.2
2026-03-06 21:00:00,49.5
2026-03-06 22:00:00,111.0
2026-03-06 23:00:00,52.4
2026-03-07 00:00:00,10.4
2026-03-07 12:00:00,51.0
2026-03-07 13:00:00,14.3
2026-03-07 14:00:00,69.6
2026-03-07 15:00:00,56.3
2026-03-07 16:00:00,110.9
2026-03-07 17:00:00,123.7
2026-03-07 18:00:00,231.9
2026-03-07 19:00:00,112.9
2026-03-07 20:00:00,65.4
2026-03-07 21:00:00,119.1
2026-03-07 22:00:00,191.7
2026-03-07 23:00:00,270.1
2026-03-08 00:00:00,109.0
2026-03-08 12:00:00,26.700000000000003
2026-03-08 13:00:00,100.39999999999999
2026-03-08 14:00:00,333.1
2026-03-08 15:00:00,548.2
2026-03-08 16:00:00,557.4
2026-03-08 17:00:00,418.5
2026-03-08 18:00:00,477.2
2026-03-08 19:00:00,233.4
2026-03-08 20:00:00,141.4
2026-03-08 21:00:00,131.1
2026-03-08 22:00:00,120.9
2026-03-08 23:00:00,26.0
2026-03-09 13:00:00,4.3
2026-03-09 14:00:00,9.0
2026-03-09 15:00:00,20.2
2026-03-09 16:00:00,23.0
2026-03-09 17:00:00,32.3
2026-03-09 18:00:00,68.2
2026-03-09 19:00:00,34.2
2026-03-09 20:00:00,39.1
2026-03-09 21:00:00,47.3
2026-03-09 22:00:00,25.5
2026-03-09 23:00:00,7.3
2026-03-11 12:00:00,7.8
2026-03-11 13:00:00,21.3
2026-03-11 14:00:00,9.6
2026-03-11 15:00:00,22.2
2026-03-11 16:00:00,28.6
2026-03-11 17:00:00,142.7
2026-03-11 18:00:00,123.7
2026-03-11 19:00:00,78.7
2026-03-11 20:00:00,112.7
2026-03-11 21:00:00,26.2
2026-03-11 22:00:00,20.7
2026-03-11 23:00:00,33.6
2026-03-12 12:00:00,13.4
2026-03-12 13:00:00,42.3
2026-03-12 14:00:00,71.3
2026-03-12 15:00:00,147.7
2026-03-12 16:00:00,74.8
2026-03-12 17:00:00,212.2
2026-03-12 18:00:00,215.0
2026-03-12 19:00:00,242.1
2026-03-12 20:00:00,34.0
2026-03-12 21:00:00,71.8
2026-03-12 22:00:00,42.8
2026-03-12 23:00:00,34.0
2026-03-13 13:00:00,7.1
2026-03-13 14:00:00,46.2
2026-03-13 15:00:00,96.9
2026-03-13 16:00:00,146.6
2026-03-13 17:00:00,61.9
2026-03-13 18:00:00,70.1
2026-03-13 19:00:00,60.3
2026-03-13 20:00:00,20.7
2026-03-13 21:00:00,46.300000000000004
2026-03-13 22:00:00,56.300000000000004
2026-03-13 23:00:00,34.3
2026-03-14 00:00:00,16.0
2026-03-14 13:00:00,9.6
2026-03-14 14:00:00,37.5
2026-03-14 15:00:00,15.1
2026-03-14 16:00:00,80.5
2026-03-14 17:00:00,115.39999999999999
2026-03-14 18:00:00,50.2
2026-03-14 19:00:00,196.4
2026-03-14 20:00:00,69.5
2026-03-14 21:00:00,122.4
2026-03-14 22:00:00,111.7
2026-03-14 23:00:00,62.099999999999994
2026-03-15 00:00:00,10.2
2026-03-15 12:00:00,37.0
2026-03-15 13:00:00,102.0
2026-03-15 14:00:00,174.2
2026-03-15 15:00:00,267.8
2026-03-15 16:00:00,387.4
2026-03-15 17:00:00,313.2
2026-03-15 18:00:00,343.6
2026-03-15 19:00:00,441.1
2026-03-15 20:00:00,263.0
2026-03-15 21:00:00,85.5
2026-03-15 22:00:00,91.9
2026-03-15 23:00:00,9.0
2026-03-16 12:00:00,9.3
2026-03-16 13:00:00,17.3
2026-03-16 14:00:00,57.7
2026-03-16 15:00:00,69.0
2026-03-16 16:00:00,116.2
2026-03-16 17:00:00,188.4
2026-03-16 18:00:00,250.2
2026-03-16 19:00:00,188.1
2026-03-16 20:00:00,77.4
2026-03-16 21:00:00,33.2
2026-03-16 22:00:00,74.5
2026-03-16 23:00:00,7.699999999999999
2026-03-17 12:00:00,12.7
2026-03-17 13:00:00,7.8
2026-03-17 14:00:00,78.2
2026-03-17 15:00:00,231.5
2026-03-17 16:00:00,242.4
2026-03-17 17:00:00,239.5
2026-03-17 18:00:00,316.8
2026-03-17 19:00:00,346.6
2026-03-17 20:00:00,29.9
2026-03-17 21:00:00,27.7
2026-03-17 22:00:00,22.7
2026-03-18 12:00:00,6.8
2026-03-18 13:00:00,42.699999999999996
2026-03-18 14:00:00,119.6
2026-03-18 15:00:00,79.1
2026-03-18 16:00:00,113.2
2026-03-18 17:00:00,171.29999999999998
2026-03-18 18:00:00,297.9
2026-03-18 19:00:00,154.6
2026-03-18 20:00:00,76.2
2026-03-18 21:00:00,92.2
2026-03-18 22:00:00,87.6
2026-03-18 23:00:00,5.7
2026-03-19 14:00:00,33.5
2026-03-19 15:00:00,142.8
2026-03-19 16:00:00,277.7
2026-03-19 17:00:00,230.79999999999998
2026-03-19 18:00:00,261.6
2026-03-19 19:00:00,255.0
2026-03-19 20:00:00,36.0
2026-03-19 21:00:00,83.7
2026-03-19 22:00:00,209.1
2026-03-20 12:00:00,27.0
2026-03-20 13:00:00,15.8
2026-03-20 14:00:00,113.6
2026-03-20 15:00:00,170.9
2026-03-20 16:00:00,278.8
2026-03-20 17:00:00,216.7
2026-03-20 18:00:00,288.59999999999997
2026-03-20 19:00:00,358.9
2026-03-20 20:00:00,206.7
2026-03-20 21:00:00,210.1
2026-03-20 22:00:00,255.2
2026-03-20 23:00:00,250.5
2026-03-21 00:00:00,70.4
2026-03-21 12:00:00,53.1
2026-03-21 13:00:00,88.39999999999999
2026-03-21 14:00:00,290.5
2026-03-21 15:00:00,483.09999999999997
2026-03-21 16:00:00,595.6999999999999
2026-03-21 17:00:00,394.4
2026-03-21 18:00:00,497.9
2026-03-21 19:00:00,410.6
2026-03-21 20:00:00,251.0
2026-03-21 21:00:00,216.29999999999998
2026-03-21 22:00:00,258.9
2026-03-21 23:00:00,289.8
2026-03-22 00:00:00,48.8
2026-03-22 12:00:00,57.6
2026-03-22 13:00:00,87.1
2026-03-22 14:00:00,220.2
2026-03-22 15:00:00,385.0
2026-03-22 16:00:00,589.6
2026-03-22 17:00:00,346.7
2026-03-22 18:00:00,343.8
2026-03-22 19:00:00,204.8
2026-03-22 20:00:00,80.5
2026-03-22 21:00:00,18.0
2026-03-22 22:00:00,35.099999999999994
2026-03-22 23:00:00,28.6
2026-03-23 13:00:00,34.4
2026-03-23 14:00:00,34.1
2026-03-23 15:00:00,78.3
2026-03-23 16:00:00,82.2
2026-03-23 17:00:00,127.4
2026-03-23 18:00:00,110.39999999999999
2026-03-23 19:00:00,174.3
2026-03-23 20:00:00,37.2
2026-03-23 21:00:00,51.6
2026-03-23 22:00:00,65.7
2026-03-23 23:00:00,18.5
2026-03-24 12:00:00,21.4
2026-03-24 13:00:00,17.1
2026-03-24 14:00:00,34.1
2026-03-24 15:00:00,140.1
2026-03-24 16:00:00,129.0
2026-03-24 17:00:00,124.6
2026-03-24 18:00:00,185.4
2026-03-24 19:00:00,101.39999999999999
2026-03-24 20:00:00,81.3
2026-03-24 21:00:00,26.5
2026-03-24 22:00:00,65.6
2026-03-24 23:00:00,18.5
2026-03-25 12:00:00,4.5
2026-03-25 13:00:00,10.2
2026-03-25 14:00:00,24.9
2026-03-25 15:00:00,19.7
2026-03-25 16:00:00,27.4
2026-03-25 17:00:00,57.1
2026-03-25 18:00:00,137.9
2026-03-25 19:00:00,26.0
2026-03-25 20:00:00,23.700000000000003
2026-03-25 21:00:00,19.799999999999997
2026-03-25 22:00:00,48.6
2026-03-26 14:00:00,36.4
2026-03-26 15:00:00,77.0
2026-03-26 16:00:00,19.2
2026-03-26 17:00:00,23.1
2026-03-26 18:00:00,144.2
2026-03-26 19:00:00,126.3
2026-03-26 20:00:00,35.9
2026-03-26 21:00:00,5.3
2026-03-26 22:00:00,43.0
2026-03-26 23:00:00,3.9
2026-03-27 12:00:00,12.4
2026-03-27 14:00:00,79.6
2026-03-27 15:00:00,34.3
2026-03-27 16:00:00,126.8
2026-03-27 17:00:00,113.6
2026-03-27 18:00:00,176.1
2026-03-27 19:00:00,232.4
2026-03-27 20:00:00,103.2
2026-03-27 21:00:00,156.4
2026-03-27 22:00:00,194.79999999999998
2026-03-27 23:00:00,155.9
2026-03-28 00:00:00,41.8
2026-03-28 12:00:00,76.0
2026-03-28 13:00:00,30.4
2026-03-28 14:00:00,20.9
2026-03-28 15:00:00,120.2
2026-03-28 16:00:00,175.2
2026-03-28 17:00:00,151.8
2026-03-28 18:00:00,154.7
2026-03-28 19:00:00,215.8
2026-03-28 20:00:00,124.9
2026-03-28 21:00:00,100.1
2026-03-28 22:00:00,162.1
2026-03-28 23:00:00,142.6
2026-03-29 00:00:00,19.3
2026-03-29 12:00:00,62.0
2026-03-29 13:00:00,103.4
2026-03-29 14:00:00,131.79999999999998
2026-03-29 15:00:00,338.2
2026-03-29 16:00:00,399.4
2026-03-29 17:00:00,342.7
2026-03-29 18:00:00,462.8
2026-03-29 19:00:00,494.9
2026-03-29 20:00:00,517.5
2026-03-29 21:00:00,302.1
2026-03-29 22:00:00,199.0
2026-03-29 23:00:00,120.3
2026-03-30 12:00:00,11.2
2026-03-30 13:00:00,5.3
2026-03-30 14:00:00,83.9
2026-03-30 15:00:00,106.3
2026-03-30 16:00:00,105.0
2026-03-30 17:00:00,115.3
2026-03-30 18:00:00,174.3
2026-03-30 19:00:00,261.4
2026-03-30 20:00:00,160.2
2026-03-30 21:00:00,104.3
2026-03-30 22:00:00,62.9
2026-03-30 23:00:00,101.3
2026-03-31 13:00:00,31.2
2026-03-31 14:00:00,82.1
2026-03-31 15:00:00,71.8
2026-03-31 16:00:00,199.6
2026-03-31 17:00:00,201.2
2026-03-31 18:00:00,319.9
2026-03-31 19:00:00,234.4
2026-03-31 20:00:00,151.6
2026-03-31 21:00:00,72.8
2026-03-31 22:00:00,172.5
2026-03-31 23:00:00,103.30000000000001
2026-04-01 13:00:00,69.8
2026-04-01 14:00:00,127.0
2026-04-01 15:00:00,221.1
2026-04-01 16:00:00,281.0
2026-04-01 17:00:00,194.8
2026-04-01 18:00:00,246.6
2026-04-01 19:00:00,433.1
2026-04-01 20:00:00,173.5
2026-04-01 21:00:00,73.4
2026-04-01 22:00:00,147.7
2026-04-01 23:00:00,172.1
2026-04-02 12:00:00,10.9
2026-04-02 13:00:00,22.4
2026-04-02 14:00:00,83.9
2026-04-02 15:00:00,285.9
2026-04-02 16:00:00,484.09999999999997
2026-04-02 17:00:00,334.3
2026-04-02 18:00:00,453.8
2026-04-02 19:00:00,500.6
2026-04-02 20:00:00,327.2
2026-04-02 21:00:00,207.5
2026-04-02 22:00:00,269.9
2026-04-02 23:00:00,345.8
2026-04-03 12:00:00,32.9
2026-04-03 13:00:00,100.30000000000001
2026-04-03 14:00:00,206.9
2026-04-03 15:00:00,388.0
2026-04-03 16:00:00,612.1
2026-04-03 17:00:00,621.9
2026-04-03 18:00:00,645.9
2026-04-03 19:00:00,560.0
2026-04-03 20:00:00,510.9
2026-04-03 21:00:00,237.4
2026-04-03 22:00:00,369.6
2026-04-03 23:00:00,357.6
2026-04-04 00:00:00,115.6
2026-04-04 12:00:00,16.8
2026-04-04 13:00:00,83.1
2026-04-04 14:00:00,253.79999999999998
2026-04-04 15:00:00,402.1
2026-04-04 16:00:00,714.7
2026-04-04 17:00:00,523.0
2026-04-04 18:00:00,737.0
2026-04-04 19:00:00,590.3
2026-04-04 20:00:00,564.1
2026-04-04 21:00:00,390.1
2026-04-04 22:00:00,516.6
2026-04-04 23:00:00,445.8
2026-04-05 00:00:00,163.6
2026-04-05 12:00:00,47.1
2026-04-05 13:00:00,62.0
2026-04-05 14:00:00,163.0
2026-04-05 15:00:00,306.09999999999997
2026-04-05 16:00:00,444.9
2026-04-05 17:00:00,343.9
2026-04-05 18:00:00,333.9
2026-04-05 19:00:00,393.5
2026-04-05 20:00:00,199.4
2026-04-05 21:00:00,150.1
2026-04-05 22:00:00,204.70000000000002
2026-04-05 23:00:00,69.1
2026-04-06 12:00:00,60.9
2026-04-06 13:00:00,47.8
2026-04-06 14:00:00,137.2
2026-04-06 15:00:00,213.5
2026-04-06 16:00:00,350.0
2026-04-06 17:00:00,488.9
2026-04-06 18:00:00,521.4
2026-04-06 19:00:00,569.2
2026-04-06 20:00:00,344.3
2026-04-06 21:00:00,269.4
2026-04-06 22:00:00,314.59999999999997
2026-04-06 23:00:00,112.6
2026-04-07 13:00:00,63.1
2026-04-07 14:00:00,92.3
2026-04-07 15:00:00,154.9
2026-04-07 16:00:00,132.1
2026-04-07 17:00:00,226.0
2026-04-07 18:00:00,303.7
2026-04-07 19:00:00,303.2
2026-04-07 20:00:00,190.3
2026-04-07 21:00:00,167.9
2026-04-07 22:00:00,142.1
2026-04-07 23:00:00,99.39999999999999
2026-04-08 12:00:00,13.2
2026-04-08 13:00:00,44.0
2026-04-08 14:00:00,55.699999999999996
2026-04-08 15:00:00,112.89999999999999
2026-04-08 16:00:00,149.9
2026-04-08 17:00:00,199.6
2026-04-08 18:00:00,300.4
2026-04-08 19:00:00,251.1
2026-04-08 20:00:00,171.3
2026-04-08 21:00:00,116.1
2026-04-08 22:00:00,135.5
2026-04-08 23:00:00,45.699999999999996
2026-04-09 12:00:00,14.6
2026-04-09 13:00:00,15.7
2026-04-09 14:00:00,69.3
2026-04-09 15:00:00,96.5
2026-04-09 16:00:00,124.2
2026-04-09 17:00:00,280.1
2026-04-09 18:00:00,226.1
2026-04-09 19:00:00,246.2
2026-04-09 20:00:00,74.1
2026-04-09 21:00:00,94.2
2026-04-09 22:00:00,76.5
2026-04-09 23:00:00,42.9
2026-04-10 00:00:00,6.8
2026-04-10 12:00:00,6.8
2026-04-10 13:00:00,26.0
2026-04-10 14:00:00,61.3
2026-04-10 15:00:00,187.4
2026-04-10 16:00:00,205.5
2026-04-10 17:00:00,305.5
2026-04-10 18:00:00,282.5
2026-04-10 19:00:00,316.6
2026-04-10 20:00:00,264.9
2026-04-10 21:00:00,217.7
2026-04-10 22:00:00,314.6
2026-04-10 23:00:00,269.0
2026-04-11 00:00:00,127.4
2026-04-11 13:00:00,23.5
2026-04-11 14:00:00,24.6
2026-04-11 15:00:00,39.9
2026-04-11 16:00:00,173.8
2026-04-11 17:00:00,137.9
2026-04-11 18:00:00,156.79999999999998
2026-04-11 19:00:00,300.9
2026-04-11 20:00:00,169.79999999999998
2026-04-11 21:00:00,115.2
2026-04-11 22:00:00,278.5
2026-04-11 23:00:00,294.8
2026-04-12 00:00:00,45.1
2026-04-12 12:00:00,21.200000000000003
2026-04-12 13:00:00,55.1
2026-04-12 14:00:00,189.7
2026-04-12 15:00:00,365.2
2026-04-12 16:00:00,437.7
2026-04-12 17:00:00,422.0
2026-04-12 18:00:00,378.1
2026-04-12 19:00:00,358.2
2026-04-12 20:00:00,94.3
2026-04-12 21:00:00,64.7
2026-04-12 22:00:00,95.8
2026-04-12 23:00:00,41.4
2026-04-13 12:00:00,3.4
2026-04-13 13:00:00,13.7
2026-04-13 14:00:00,25.6
2026-04-13 15:00:00,97.0
2026-04-13 16:00:00,51.2
2026-04-13 17:00:00,130.2
2026-04-13 18:00:00,149.8
2026-04-13 19:00:00,218.7
2026-04-13 20:00:00,83.8
2026-04-13 21:00:00,63.1
2026-04-13 22:00:00,41.4
2026-04-13 23:00:00,47.0
2026-04-15 12:00:00,23.9
2026-04-15 13:00:00,33.5
2026-04-15 14:00:00,52.4
2026-04-15 15:00:00,106.0
2026-04-15 16:00:00,205.6
2026-04-15 17:00:00,160.4
2026-04-15 18:00:00,248.8
2026-04-15 19:00:00,212.1
2026-04-15 20:00:00,108.39999999999999
2026-04-15 21:00:00,83.8
2026-04-15 22:00:00,126.1
2026-04-16 13:00:00,55.8
2026-04-16 14:00:00,74.3
2026-04-16 15:00:00,126.5
2026-04-16 16:00:00,87.1
2026-04-16 17:00:00,239.5
2026-04-16 18:00:00,171.5
2026-04-16 19:00:00,186.2
2026-04-16 20:00:00,72.8
2026-04-16 21:00:00,75.6
2026-04-16 22:00:00,83.8
2026-04-16 23:00:00,71.2
2026-04-17 12:00:00,3.4
2026-04-17 13:00:00,17.3
2026-04-17 14:00:00,75.2
2026-04-17 15:00:00,130.70000000000002
2026-04-17 16:00:00,160.6
2026-04-17 17:00:00,192.2
2026-04-17 18:00:00,304.0
2026-04-17 19:00:00,255.9
2026-04-17 20:00:00,247.1
2026-04-17 21:00:00,174.7
2026-04-17 22:00:00,302.5
2026-04-17 23:00:00,248.29999999999998
2026-04-18 00:00:00,154.2
2026-04-18 01:00:00,11.2
2026-04-18 12:00:00,26.8
2026-04-18 13:00:00,61.0
2026-04-18 14:00:00,97.2
2026-04-18 15:00:00,250.5
2026-04-18 16:00:00,252.2
2026-04-18 17:00:00,432.9
2026-04-18 18:00:00,362.7
2026-04-18 19:00:00,268.8
2026-04-18 20:00:00,268.1
2026-04-18 21:00:00,158.2
2026-04-18 22:00:00,310.9
2026-04-18 23:00:00,260.1
2026-04-19 00:00:00,170.9
2026-04-19 01:00:00,12.0
2026-04-19 12:00:00,69.7
2026-04-19 13:00:00,136.79999999999998
2026-04-19 14:00:00,206.9
2026-04-19 15:00:00,430.8
2026-04-19 16:00:00,405.9
2026-04-19 17:00:00,481.59999999999997
2026-04-19 18:00:00,431.8
2026-04-19 19:00:00,475.0
2026-04-19 20:00:00,252.8
2026-04-19 21:00:00,58.3
2026-04-19 22:00:00,103.9
2026-04-19 23:00:00,63.0
2026-04-20 13:00:00,44.4
2026-04-20 14:00:00,94.3
2026-04-20 15:00:00,71.8
2026-04-20 16:00:00,142.5
2026-04-20 17:00:00,158.8
2026-04-20 18:00:00,203.7
2026-04-20 19:00:00,222.1
2026-04-20 20:00:00,164.20000000000002
2026-04-20 21:00:00,109.2
2026-04-20 22:00:00,120.10000000000001
2026-04-20 23:00:00,56.3
2026-04-21 12:00:00,8.8
2026-04-21 13:00:00,15.1
2026-04-21 14:00:00,85.6
2026-04-21 15:00:00,128.8
2026-04-21 16:00:00,149.0
2026-04-21 17:00:00,243.0
2026-04-21 18:00:00,287.4
2026-04-21 19:00:00,148.1
2026-04-21 20:00:00,70.9
2026-04-21 21:00:00,86.5
2026-04-21 22:00:00,63.0
2026-04-21 23:00:00,36.5
2026-04-22 12:00:00,3.4
2026-04-22 13:00:00,27.3
2026-04-22 14:00:00,25.299999999999997
2026-04-22 15:00:00,68.5
2026-04-22 16:00:00,114.4
2026-04-22 17:00:00,97.3
2026-04-22 18:00:00,127.19999999999999
2026-04-22 19:00:00,122.7
2026-04-22 20:00:00,53.1
2026-04-22 21:00:00,98.9
2026-04-22 22:00:00,112.2
2026-04-22 23:00:00,66.6
2026-04-23 12:00:00,15.299999999999999
2026-04-23 13:00:00,11.3
2026-04-23 14:00:00,74.9
2026-04-23 15:00:00,97.0
2026-04-23 16:00:00,182.6
2026-04-23 17:00:00,209.9
2026-04-23 18:00:00,288.5
2026-04-23 19:00:00,263.5
2026-04-23 20:00:00,194.4
2026-04-23 21:00:00,132.3
2026-04-23 22:00:00,226.3
2026-04-23 23:00:00,168.2
2026-04-24 12:00:00,48.8
2026-04-24 13:00:00,15.6
2026-04-24 14:00:00,9.2
2026-04-24 15:00:00,92.9
2026-04-24 16:00:00,92.5
2026-04-24 17:00:00,103.1
2026-04-24 18:00:00,242.1
2026-04-24 19:00:00,257.9
2026-04-24 20:00:00,131.5
2026-04-24 21:00:00,147.1
2026-04-24 22:00:00,214.79999999999998
2026-04-24 23:00:00,316.3
2026-04-25 00:00:00,89.1
2026-04-25 12:00:00,7.3
2026-04-25 13:00:00,61.3
2026-04-25 14:00:00,69.2
2026-04-25 15:00:00,352.5
2026-04-25 16:00:00,548.0
2026-04-25 17:00:00,508.7
2026-04-25 18:00:00,505.4
2026-04-25 19:00:00,501.6
2026-04-25 20:00:00,344.4
2026-04-25 21:00:00,230.0
2026-04-25 22:00:00,242.7
2026-04-25 23:00:00,486.6
2026-04-26 00:00:00,96.2
2026-04-26 01:00:00,8.4
2026-04-26 12:00:00,19.4
2026-04-26 13:00:00,54.9
2026-04-26 14:00:00,87.3
2026-04-26 15:00:00,387.5
2026-04-26 16:00:00,552.8
2026-04-26 17:00:00,388.6
2026-04-26 18:00:00,454.2
2026-04-26 19:00:00,379.7
2026-04-26 20:00:00,138.1
2026-04-26 21:00:00,247.4
2026-04-26 22:00:00,82.9
2026-04-26 23:00:00,25.8
2026-04-27 13:00:00,16.4
2026-04-27 14:00:00,22.6
2026-04-27 15:00:00,12.0
2026-04-27 16:00:00,39.8
2026-04-27 17:00:00,65.2
2026-04-27 18:00:00,132.3
2026-04-27 19:00:00,73.6
2026-04-27 20:00:00,75.6
2026-04-27 21:00:00,8.4
2026-04-27 22:00:00,94.8
2026-04-27 23:00:00,72.0
2026-04-28 13:00:00,10.2
2026-04-28 14:00:00,29.2
2026-04-28 15:00:00,81.5
2026-04-28 16:00:00,89.1
2026-04-28 17:00:00,72.2
2026-04-28 18:00:00,173.2
2026-04-28 19:00:00,124.2
2026-04-28 20:00:00,84.6
2026-04-28 21:00:00,46.3
2026-04-28 22:00:00,63.3
2026-04-28 23:00:00,56.5
2026-04-29 15:00:00,21.5
2026-04-29 16:00:00,46.7
2026-04-29 17:00:00,78.3
2026-04-29 18:00:00,63.3
2026-04-29 19:00:00,83.7
2026-04-29 20:00:00,58.2
2026-04-29 21:00:00,40.4
2026-04-29 22:00:00,32.0
2026-04-29 23:00:00,9.0
2026-04-30 12:00:00,3.4
2026-04-30 13:00:00,7.3
2026-04-30 14:00:00,70.1
2026-04-30 15:00:00,213.4
2026-04-30 16:00:00,189.5
2026-04-30 17:00:00,223.2
2026-04-30 18:00:00,312.3
2026-04-30 19:00:00,332.8
2026-04-30 20:00:00,226.4
2026-04-30 21:00:00,97.8
2026-04-30 22:00:00,223.0
2026-04-30 23:00:00,172.2
2026-05-01 12:00:00,21.5
2026-05-01 13:00:00,61.4
2026-05-01 14:00:00,167.3
2026-05-01 15:00:00,414.7
2026-05-01 16:00:00,435.2
2026-05-01 17:00:00,498.8
2026-05-01 18:00:00,512.7
2026-05-01 19:00:00,625.0
2026-05-01 20:00:00,386.1
2026-05-01 21:00:00,219.4
2026-05-01 22:00:00,348.1
2026-05-01 23:00:00,355.0
2026-05-02 00:00:00,231.4
2026-05-02 12:00:00,36.7
2026-05-02 13:00:00,39.8
2026-05-02 14:00:00,88.5
2026-05-02 15:00:00,274.5
2026-05-02 16:00:00,354.8
2026-05-02 17:00:00,127.7
2026-05-02 18:00:00,162.8
2026-05-02 19:00:00,99.0
2026-05-02 20:00:00,117.6
2026-05-02 21:00:00,152.0
2026-05-02 22:00:00,335.9
2026-05-02 23:00:00,387.4
2026-05-03 00:00:00,119.8
2026-05-03 12:00:00,72.8
2026-05-03 13:00:00,145.2
2026-05-03 14:00:00,204.6
2026-05-03 15:00:00,433.7
2026-05-03 16:00:00,509.7
2026-05-03 17:00:00,331.9
2026-05-03 18:00:00,247.1
2026-05-03 19:00:00,229.2
2026-05-03 20:00:00,73.60000000000001
2026-05-03 21:00:00,54.5
2026-05-03 22:00:00,4.5
2026-05-03 23:00:00,2.5
2026-05-04 12:00:00,5.1
2026-05-04 14:00:00,38.0
2026-05-04 15:00:00,39.4
2026-05-04 16:00:00,75.5
2026-05-04 17:00:00,45.1
2026-05-04 18:00:00,113.1
2026-05-04 19:00:00,39.9
2026-05-04 20:00:00,71.9
2026-05-04 21:00:00,62.599999999999994
2026-05-04 22:00:00,35.3
2026-05-04 23:00:00,25.4
2026-05-05 12:00:00,22.1
2026-05-05 13:00:00,15.2
2026-05-05 14:00:00,20.4
2026-05-05 15:00:00,31.0
2026-05-05 16:00:00,32.9
2026-05-05 17:00:00,25.4
2026-05-05 18:00:00,49.8
2026-05-05 19:00:00,57.5
2026-05-05 20:00:00,100.7
2026-05-05 21:00:00,66.4
2026-05-05 22:00:00,42.8
2026-05-05 23:00:00,14.8
2026-05-06 14:00:00,17.5
2026-05-06 15:00:00,93.8
2026-05-06 16:00:00,133.1
2026-05-06 17:00:00,128.4
2026-05-06 18:00:00,233.5
2026-05-06 19:00:00,228.5
2026-05-06 20:00:00,59.7
2026-05-06 21:00:00,40.9
2026-05-06 22:00:00,63.199999999999996
2026-05-06 23:00:00,33.2
2026-05-07 12:00:00,11.899999999999999
2026-05-07 13:00:00,44.2
2026-05-07 14:00:00,51.8
2026-05-07 15:00:00,58.5
2026-05-07 16:00:00,158.9
2026-05-07 17:00:00,45.8
2026-05-07 18:00:00,75.2
2026-05-07 19:00:00,66.9
2026-05-07 20:00:00,60.1
2026-05-07 21:00:00,90.2
2026-05-07 22:00:00,179.2
2026-05-07 23:00:00,119.0
2026-05-08 12:00:00,51.6
2026-05-08 13:00:00,73.1
2026-05-08 14:00:00,55.5
2026-05-08 15:00:00,24.9
2026-05-08 16:00:00,115.8
2026-05-08 17:00:00,111.9
2026-05-08 18:00:00,313.5
2026-05-08 19:00:00,108.7
2026-05-08 20:00:00,57.099999999999994
2026-05-08 21:00:00,91.4
2026-05-08 22:00:00,245.79999999999998
2026-05-08 23:00:00,337.9
2026-05-09 00:00:00,177.7
2026-05-09 12:00:00,28.4
2026-05-09 13:00:00,17.5
2026-05-09 14:00:00,55.0
2026-05-09 15:00:00,291.8
2026-05-09 16:00:00,368.3
2026-05-09 17:00:00,281.0
2026-05-09 18:00:00,212.4
2026-05-09 19:00:00,228.2
2026-05-09 20:00:00,214.5
2026-05-09 21:00:00,186.9
2026-05-09 22:00:00,362.3
2026-05-09 23:00:00,472.9
2026-05-10 00:00:00,96.7
2026-05-10 12:00:00,36.7
2026-05-10 13:00:00,49.9
2026-05-10 14:00:00,165.7
2026-05-10 15:00:00,276.59999999999997
2026-05-10 16:00:00,296.4
2026-05-10 17:00:00,204.29999999999998
2026-05-10 18:00:00,395.7
2026-05-10 19:00:00,275.9
2026-05-10 20:00:00,99.6
2026-05-10 21:00:00,99.6
2026-05-10 22:00:00,112.5
2026-05-10 23:00:00,58.3
2026-05-11 12:00:00,3.9
2026-05-11 13:00:00,22.5
2026-05-11 14:00:00,64.3
2026-05-11 15:00:00,109.4
2026-05-11 16:00:00,149.1
2026-05-11 17:00:00,169.6
2026-05-11 18:00:00,244.7
2026-05-11 19:00:00,213.4
2026-05-11 20:00:00,91.2
2026-05-11 21:00:00,50.1
2026-05-11 22:00:00,72.39999999999999
2026-05-11 23:00:00,44.5
2026-05-12 12:00:00,18.3
2026-05-12 13:00:00,20.2
2026-05-12 14:00:00,25.1
2026-05-12 15:00:00,66.8
2026-05-12 16:00:00,84.2
2026-05-12 17:00:00,120.3
2026-05-12 18:00:00,148.4
2026-05-12 19:00:00,100.6
2026-05-12 20:00:00,128.2
2026-05-12 21:00:00,75.9
2026-05-12 22:00:00,76.5
2026-05-12 23:00:00,29.9
2026-05-13 14:00:00,98.1
2026-05-13 15:00:00,110.39999999999999
2026-05-13 16:00:00,80.0
2026-05-13 17:00:00,106.9
2026-05-13 18:00:00,171.4
2026-05-13 19:00:00,69.3
2026-05-13 20:00:00,66.5
2026-05-13 21:00:00,67.39999999999999
2026-05-13 22:00:00,91.3
2026-05-13 23:00:00,42.5
2026-05-14 13:00:00,29.1
2026-05-14 14:00:00,11.7
2026-05-14 15:00:00,13.3
2026-05-14 16:00:00,28.900000000000002
2026-05-14 17:00:00,41.6
2026-05-14 18:00:00,26.7
2026-05-14 19:00:00,10.6
2026-05-14 20:00:00,19.5
2026-05-14 21:00:00,40.0
2026-05-14 22:00:00,89.2
2026-05-14 23:00:00,19.0
2026-05-15 13:00:00,16.4
2026-05-15 14:00:00,56.2
2026-05-15 15:00:00,117.2
2026-05-15 16:00:00,178.0
2026-05-15 17:00:00,156.7
2026-05-15 18:00:00,201.0
2026-05-15 19:00:00,217.0
2026-05-15 20:00:00,211.7
2026-05-15 21:00:00,104.8
2026-05-15 22:00:00,287.1
2026-05-15 23:00:00,158.6
2026-05-16 00:00:00,27.099999999999998
2026-05-16 12:00:00,22.7
2026-05-16 13:00:00,82.3
2026-05-16 14:00:00,84.6
2026-05-16 15:00:00,216.9
2026-05-16 16:00:00,190.6
2026-05-16 17:00:00,340.1
2026-05-16 18:00:00,275.0
2026-05-16 19:00:00,334.2
2026-05-16 20:00:00,214.0
2026-05-16 21:00:00,107.3
2026-05-16 22:00:00,182.1
2026-05-16 23:00:00,251.8
2026-05-17 00:00:00,158.79999999999998
2026-05-17 13:00:00,24.8
2026-05-17 14:00:00,60.4
2026-05-17 15:00:00,241.3
2026-05-17 16:00:00,356.4
2026-05-17 17:00:00,273.5
2026-05-17 18:00:00,530.2
2026-05-17 19:00:00,574.9
2026-05-17 20:00:00,299.5
2026-05-17 21:00:00,166.2
2026-05-17 22:00:00,153.4
2026-05-17 23:00:00,100.39999999999999
2026-05-18 12:00:00,1.9
2026-05-18 13:00:00,13.5
2026-05-18 14:00:00,57.3
2026-05-18 15:00:00,84.4
2026-05-18 16:00:00,71.7
2026-05-18 17:00:00,176.4
2026-05-18 18:00:00,178.8
2026-05-18 19:00:00,195.8
2026-05-18 20:00:00,98.1
2026-05-18 21:00:00,50.9
2026-05-18 22:00:00,180.29999999999998
2026-05-18 23:00:00,45.6
2026-05-19 12:00:00,30.4
2026-05-19 13:00:00,83.7
2026-05-19 14:00:00,33.7
2026-05-19 15:00:00,132.0
2026-05-19 16:00:00,139.6
2026-05-19 17:00:00,223.29999999999998
2026-05-19 18:00:00,253.5
2026-05-19 19:00:00,181.9
2026-05-19 20:00:00,112.9
2026-05-19 21:00:00,58.7
2026-05-19 22:00:00,82.1
2026-05-19 23:00:00,41.2
2026-05-20 12:00:00,7.3
2026-05-20 13:00:00,46.7
2026-05-20 14:00:00,62.4
2026-05-20 15:00:00,118.4
2026-05-20 16:00:00,124.2
2026-05-20 17:00:00,193.6
2026-05-20 18:00:00,251.6
2026-05-20 19:00:00,214.0
2026-05-20 20:00:00,177.8
2026-05-20 21:00:00,109.5
2026-05-20 22:00:00,142.7
2026-05-20 23:00:00,80.5
2026-05-21 00:00:00,4.2
2026-05-21 12:00:00,17.9
2026-05-21 13:00:00,29.7
2026-05-21 14:00:00,71.9
2026-05-21 15:00:00,69.9
2026-05-21 16:00:00,107.2
2026-05-21 17:00:00,267.59999999999997
2026-05-21 18:00:00,339.8
2026-05-21 19:00:00,335.5
2026-05-21 20:00:00,228.79999999999998
2026-05-21 21:00:00,154.4
2026-05-21 22:00:00,199.9
2026-05-21 23:00:00,118.5
2026-05-22 12:00:00,8.9
2026-05-22 13:00:00,39.0
2026-05-22 14:00:00,36.3
2026-05-22 15:00:00,189.1
2026-05-22 16:00:00,261.59999999999997
2026-05-22 17:00:00,219.6
2026-05-22 18:00:00,270.7
2026-05-22 19:00:00,281.8
2026-05-22 20:00:00,284.3
2026-05-22 21:00:00,282.3
2026-05-22 22:00:00,423.0
2026-05-22 23:00:00,353.9
2026-05-23 00:00:00,178.9
2026-05-23 12:00:00,94.9
2026-05-23 13:00:00,65.5
2026-05-23 14:00:00,101.89999999999999
2026-05-23 15:00:00,248.7
2026-05-23 16:00:00,345.8
2026-05-23 17:00:00,331.7
2026-05-23 18:00:00,600.1
2026-05-23 19:00:00,472.3
2026-05-23 20:00:00,349.2
2026-05-23 21:00:00,242.7
2026-05-23 22:00:00,566.3
2026-05-23 23:00:00,509.09999999999997
2026-05-24 00:00:00,286.7
2026-05-24 12:00:00,17.6
2026-05-24 13:00:00,112.0
2026-05-24 14:00:00,155.8
2026-05-24 15:00:00,295.4
2026-05-24 16:00:00,380.4
2026-05-24 17:00:00,491.8
2026-05-24 18:00:00,506.1
2026-05-24 19:00:00,542.6
2026-05-24 20:00:00,342.8
2026-05-24 21:00:00,301.0
2026-05-24 22:00:00,270.4
2026-05-24 23:00:00,260.2
2026-05-25 12:00:00,10.2
2026-05-25 13:00:00,81.5
2026-05-25 14:00:00,238.6
2026-05-25 15:00:00,155.79999999999998
2026-05-25 16:00:00,193.29999999999998
2026-05-25 17:00:00,280.5
2026-05-25 18:00:00,277.3
2026-05-25 19:00:00,379.2
2026-05-25 20:00:00,294.59999999999997
2026-05-25 21:00:00,199.3
2026-05-25 22:00:00,193.7
2026-05-25 23:00:00,194.1
2026-05-26 13:00:00,36.2
2026-05-26 14:00:00,50.9
2026-05-26 15:00:00,63.3
2026-05-26 16:00:00,146.9
2026-05-26 17:00:00,105.10000000000001
2026-05-26 18:00:00,218.5
2026-05-26 19:00:00,188.8
2026-05-26 20:00:00,220.5
2026-05-26 21:00:00,192.4
2026-05-26 22:00:00,183.1
2026-05-26 23:00:00,176.9
2026-05-27 12:00:00,31.299999999999997
2026-05-27 13:00:00,52.6
2026-05-27 14:00:00,79.2
2026-05-27 15:00:00,102.0
2026-05-27 16:00:00,184.9
2026-05-27 17:00:00,244.7
2026-05-27 18:00:00,308.0
2026-05-27 19:00:00,224.9
2026-05-27 20:00:00,205.5
2026-05-27 21:00:00,207.79999999999998
2026-05-27 22:00:00,268.9
2026-05-27 23:00:00,62.9
2026-05-28 12:00:00,19.0
2026-05-28 13:00:00,51.2
2026-05-28 14:00:00,62.3
2026-05-28 15:00:00,102.7
2026-05-28 16:00:00,164.3
2026-05-28 17:00:00,154.6
2026-05-28 18:00:00,217.2
2026-05-28 19:00:00,325.4
2026-05-28 20:00:00,170.7
2026-05-28 21:00:00,88.9
2026-05-28 22:00:00,232.4
2026-05-28 23:00:00,103.7
2026-05-29 00:00:00,10.2
2026-05-29 12:00:00,0.0
2026-05-29 13:00:00,4.5
2026-05-29 14:00:00,32.2
2026-05-29 15:00:00,60.3
2026-05-29 16:00:00,102.6
2026-05-29 17:00:00,160.2
2026-05-29 18:00:00,208.9
2026-05-29 19:00:00,219.6
2026-05-29 20:00:00,222.8
2026-05-29 21:00:00,158.7
2026-05-29 22:00:00,289.9
2026-05-29 23:00:00,451.9
2026-05-30 00:00:00,135.1
2026-05-30 12:00:00,28.5
2026-05-30 13:00:00,36.199999999999996
2026-05-30 14:00:00,148.7
2026-05-30 15:00:00,178.1
2026-05-30 16:00:00,187.6
2026-05-30 17:00:00,184.1
2026-05-30 18:00:00,262.5
2026-05-30 19:00:00,362.9
2026-05-30 20:00:00,226.9
2026-05-30 21:00:00,196.0
2026-05-30 22:00:00,393.7
2026-05-30 23:00:00,499.5
2026-05-31 00:00:00,165.6
2026-05-31 12:00:00,30.3
2026-05-31 13:00:00,121.2
2026-05-31 14:00:00,117.3
2026-05-31 15:00:00,280.8
2026-05-31 16:00:00,435.8
2026-05-31 17:00:00,367.9
2026-05-31 18:00:00,408.2
2026-05-31 19:00:00,328.4
2026-05-31 20:00:00,284.2
2026-05-31 21:00:00,128.8
2026-05-31 22:00:00,208.0
2026-05-31 23:00:00,155.4
2026-06-01 00:00:00,15.2
2026-06-01 12:00:00,48.0
2026-06-01 13:00:00,29.2
2026-06-01 14:00:00,88.8
2026-06-01 15:00:00,125.4
2026-06-01 16:00:00,95.0
2026-06-01 17:00:00,199.0
2026-06-01 18:00:00,156.9
2026-06-01 19:00:00,342.3
2026-06-01 20:00:00,179.4
2026-06-01 21:00:00,146.2
2026-06-01 22:00:00,219.29999999999998
2026-06-01 23:00:00,113.5
2026-06-02 12:00:00,5.0
2026-06-02 13:00:00,22.9
2026-06-02 14:00:00,13.6
2026-06-02 15:00:00,64.0
2026-06-02 16:00:00,137.2
2026-06-02 17:00:00,71.5
2026-06-02 18:00:00,117.3
2026-06-02 19:00:00,98.9
2026-06-02 20:00:00,92.9
2026-06-02 21:00:00,50.5
2026-06-02 22:00:00,118.3
2026-06-02 23:00:00,64.2
2026-06-03 13:00:00,41.3
2026-06-03 14:00:00,95.2
2026-06-03 15:00:00,100.8
2026-06-03 16:00:00,177.1
2026-06-03 17:00:00,159.6
2026-06-03 18:00:00,195.79999999999998
2026-06-03 19:00:00,160.1
2026-06-03 20:00:00,90.8
2026-06-03 21:00:00,114.1
2026-06-03 22:00:00,132.0
2026-06-03 23:00:00,80.7
2026-06-04 12:00:00,10.9
2026-06-04 13:00:00,13.4
2026-06-04 14:00:00,21.0
2026-06-04 15:00:00,74.2
2026-06-04 16:00:00,53.4
2026-06-04 17:00:00,100.0
2026-06-04 18:00:00,143.2
2026-06-04 19:00:00,125.6
2026-06-04 20:00:00,46.9
2026-06-04 21:00:00,23.1
2026-06-04 22:00:00,147.5
2026-06-04 23:00:00,42.3
2026-06-05 12:00:00,10.0
2026-06-05 13:00:00,23.200000000000003
2026-06-05 14:00:00,46.8
2026-06-05 15:00:00,78.9
2026-06-05 16:00:00,182.5
2026-06-05 17:00:00,112.6
2026-06-05 18:00:00,134.0
2026-06-05 19:00:00,197.9
2026-06-05 20:00:00,167.3
2026-06-05 21:00:00,194.79999999999998
2026-06-05 22:00:00,374.9
2026-06-05 23:00:00,468.09999999999997
2026-06-06 00:00:00,260.3
2026-06-06 12:00:00,50.0
2026-06-06 13:00:00,23.0
2026-06-06 14:00:00,72.1
2026-06-06 15:00:00,254.7
2026-06-06 16:00:00,230.7
2026-06-06 17:00:00,395.8
2026-06-06 18:00:00,309.5
2026-06-06 19:00:00,237.4
2026-06-06 20:00:00,310.5
2026-06-06 21:00:00,174.7
2026-06-06 22:00:00,508.59999999999997
2026-06-06 23:00:00,451.2
2026-06-07 00:00:00,321.59999999999997
2026-06-07 12:00:00,38.8
2026-06-07 13:00:00,73.6
2026-06-07 14:00:00,199.2
2026-06-07 15:00:00,396.0
2026-06-07 16:00:00,501.5
2026-06-07 17:00:00,488.1
2026-06-07 18:00:00,365.09999999999997
2026-06-07 19:00:00,485.8
2026-06-07 20:00:00,422.3
2026-06-07 21:00:00,258.7
2026-06-07 22:00:00,242.7
2026-06-07 23:00:00,303.2
2026-06-08 12:00:00,20.6
2026-06-08 13:00:00,3.4
2026-06-08 14:00:00,18.9
2026-06-08 15:00:00,70.7
2026-06-08 16:00:00,151.3
2026-06-08 17:00:00,221.4
2026-06-08 18:00:00,308.1
2026-06-08 19:00:00,257.7
2026-06-08 20:00:00,326.1
2026-06-08 21:00:00,66.1
2026-06-08 22:00:00,87.4
2026-06-08 23:00:00,25.4
2026-06-09 12:00:00,18.6
2026-06-09 13:00:00,17.8
2026-06-09 14:00:00,50.7
2026-06-09 15:00:00,97.5
2026-06-09 16:00:00,80.2
2026-06-09 17:00:00,223.2
2026-06-09 18:00:00,276.3
2026-06-09 19:00:00,144.0
2026-06-09 20:00:00,101.4
2026-06-09 21:00:00,91.8
2026-06-09 22:00:00,100.8
2026-06-09 23:00:00,49.1
2026-06-10 12:00:00,3.4
2026-06-10 13:00:00,6.8
2026-06-10 14:00:00,28.099999999999998
2026-06-10 15:00:00,13.700000000000001
2026-06-10 16:00:00,170.29999999999998
2026-06-10 17:00:00,169.9
2026-06-10 18:00:00,300.1
2026-06-10 19:00:00,244.4
2026-06-10 20:00:00,175.3
2026-06-10 21:00:00,87.0
2026-06-10 22:00:00,196.0
2026-06-10 23:00:00,110.5
2026-06-11 12:00:00,15.3
2026-06-11 13:00:00,13.1
2026-06-11 14:00:00,46.6
2026-06-11 15:00:00,108.8
2026-06-11 16:00:00,125.4
2026-06-11 17:00:00,174.4
2026-06-11 18:00:00,389.0
2026-06-11 19:00:00,241.0
2026-06-11 20:00:00,234.5
2026-06-11 21:00:00,113.0
2026-06-11 22:00:00,231.0
2026-06-11 23:00:00,190.9
2026-06-12 12:00:00,17.3
2026-06-12 13:00:00,124.60000000000001
2026-06-12 14:00:00,57.699999999999996
2026-06-12 15:00:00,128.9
2026-06-12 16:00:00,185.8
2026-06-12 17:00:00,164.2
2026-06-12 18:00:00,331.3
2026-06-12 19:00:00,348.7
2026-06-12 20:00:00,252.3
2026-06-12 21:00:00,282.6
2026-06-12 22:00:00,287.8
2026-06-12 23:00:00,242.1
2026-06-13 00:00:00,165.2
2026-06-13 12:00:00,6.3
2026-06-13 13:00:00,57.2
2026-06-13 14:00:00,120.6
2026-06-13 15:00:00,258.6
2026-06-13 16:00:00,236.2
2026-06-13 17:00:00,253.1
2026-06-13 18:00:00,426.8
2026-06-13 19:00:00,454.5
2026-06-13 20:00:00,325.2
2026-06-13 21:00:00,265.59999999999997
2026-06-13 22:00:00,539.5
2026-06-13 23:00:00,636.6
2026-06-14 00:00:00,225.7
2026-06-14 12:00:00,130.5
2026-06-14 13:00:00,134.79999999999998
2026-06-14 14:00:00,94.3
2026-06-14 15:00:00,320.09999999999997
2026-06-14 16:00:00,477.0
2026-06-14 17:00:00,389.1
2026-06-14 18:00:00,408.2
2026-06-14 19:00:00,472.0
2026-06-14 20:00:00,341.7
2026-06-14 21:00:00,228.8
2026-06-14 22:00:00,195.2
2026-06-14 23:00:00,260.4
2026-06-15 12:00:00,51.2
2026-06-15 13:00:00,50.9
2026-06-15 14:00:00,60.7
2026-06-15 15:00:00,98.9
2026-06-15 16:00:00,97.8
2026-06-15 17:00:00,122.6
2026-06-15 18:00:00,93.8
2026-06-15 19:00:00,143.7
2026-06-15 20:00:00,94.8
2026-06-15 21:00:00,121.2
2026-06-15 22:00:00,218.7
2026-06-15 23:00:00,88.39999999999999
2026-06-16 12:00:00,20.0
2026-06-16 13:00:00,37.8
2026-06-16 14:00:00,35.2
2026-06-16 15:00:00,161.4
2026-06-16 16:00:00,222.9
2026-06-16 17:00:00,204.29999999999998
2026-06-16 18:00:00,262.1
2026-06-16 19:00:00,281.7
2026-06-16 20:00:00,183.0
2026-06-16 21:00:00,113.3
2026-06-16 22:00:00,261.3
2026-06-16 23:00:00,152.7
2026-06-17 12:00:00,20.7
2026-06-17 13:00:00,29.599999999999998
2026-06-17 14:00:00,47.1
2026-06-17 15:00:00,47.6
2026-06-17 16:00:00,125.2
2026-06-17 17:00:00,111.6
2026-06-17 18:00:00,246.2
2026-06-17 19:00:00,240.7
2026-06-17 20:00:00,160.4
2026-06-17 21:00:00,142.7
2026-06-17 22:00:00,84.2
2026-06-17 23:00:00,52.0
2026-06-18 12:00:00,12.8
2026-06-18 13:00:00,36.8
2026-06-18 14:00:00,114.0
2026-06-18 15:00:00,96.2
2026-06-18 16:00:00,166.5
2026-06-18 17:00:00,137.4
2026-06-18 18:00:00,357.0
2026-06-18 19:00:00,259.2
2026-06-18 20:00:00,116.2
2026-06-18 21:00:00,37.0
2026-06-18 22:00:00,147.1
2026-06-18 23:00:00,83.19999999999999
2026-06-19 12:00:00,40.3
2026-06-19 13:00:00,81.5
2026-06-19 14:00:00,60.1
2026-06-19 15:00:00,109.6
2026-06-19 16:00:00,214.5
2026-06-19 17:00:00,202.1
2026-06-19 18:00:00,256.0
2026-06-19 19:00:00,101.10000000000001
2026-06-19 20:00:00,52.2
2026-06-19 21:00:00,108.2
2026-06-19 22:00:00,313.5
2026-06-19 23:00:00,387.7
2026-06-20 00:00:00,208.2
2026-06-20 14:00:00,97.3
2026-06-20 15:00:00,269.2
2026-06-20 16:00:00,268.2
2026-06-20 17:00:00,479.59999999999997
2026-06-20 18:00:00,371.3
2026-06-20 19:00:00,353.4
2026-06-20 20:00:00,237.5
2026-06-20 21:00:00,268.3
2026-06-20 22:00:00,388.7
2026-06-20 23:00:00,415.7
2026-06-21 00:00:00,305.3
2026-06-21 12:00:00,41.3
2026-06-21 13:00:00,44.0
2026-06-21 14:00:00,124.3
2026-06-21 15:00:00,199.5
2026-06-21 16:00:00,477.8
2026-06-21 17:00:00,292.59999999999997
2026-06-21 18:00:00,385.09999999999997
2026-06-21 19:00:00,531.4
2026-06-21 20:00:00,379.2
2026-06-21 21:00:00,414.3
2026-06-21 22:00:00,397.3
2026-06-21 23:00:00,361.0
2026-06-22 12:00:00,10.7
2026-06-22 13:00:00,40.9
2026-06-22 14:00:00,45.5
2026-06-22 15:00:00,112.2
2026-06-22 16:00:00,126.0
2026-06-22 17:00:00,120.3
2026-06-22 18:00:00,310.4
2026-06-22 19:00:00,360.59999999999997
2026-06-22 20:00:00,320.5
2026-06-22 21:00:00,205.4
2026-06-22 22:00:00,252.0
2026-06-22 23:00:00,334.7
2026-06-23 00:00:00,3.4
2026-06-23 12:00:00,94.8
2026-06-23 13:00:00,30.2
2026-06-23 14:00:00,57.8
2026-06-23 15:00:00,171.2
2026-06-23 16:00:00,93.8
2026-06-23 17:00:00,242.0
2026-06-23 18:00:00,289.6
2026-06-23 19:00:00,243.29999999999998
2026-06-23 20:00:00,306.09999999999997
2026-06-23 21:00:00,173.3
2026-06-23 22:00:00,313.8
2026-06-23 23:00:00,223.0
2026-06-24 12:00:00,10.3
2026-06-24 13:00:00,46.8
2026-06-24 14:00:00,89.6
2026-06-24 15:00:00,63.599999999999994
2026-06-24 16:00:00,114.39999999999999
2026-06-24 17:00:00,169.1
2026-06-24 18:00:00,113.3
2026-06-24 19:00:00,134.29999999999998
2026-06-24 20:00:00,87.89999999999999
2026-06-24 21:00:00,78.8
2026-06-24 22:00:00,102.3
2026-06-24 23:00:00,90.1
2026-06-25 00:00:00,47.3
2026-06-25 12:00:00,17.1
2026-06-25 13:00:00,40.199999999999996
2026-06-25 14:00:00,58.7
2026-06-25 15:00:00,114.1
2026-06-25 16:00:00,108.8
2026-06-25 17:00:00,204.3
2026-06-25 18:00:00,285.09999999999997
2026-06-25 19:00:00,182.2
2026-06-25 20:00:00,144.6
2026-06-25 21:00:00,169.7
2026-06-25 22:00:00,214.3
2026-06-25 23:00:00,242.5
2026-06-26 00:00:00,30.2
2026-06-26 12:00:00,1.8
2026-06-26 13:00:00,13.8
2026-06-26 14:00:00,70.9
2026-06-26 15:00:00,60.3
2026-06-26 16:00:00,171.6
2026-06-26 17:00:00,195.9
2026-06-26 18:00:00,286.0
2026-06-26 19:00:00,286.2
2026-06-26 20:00:00,363.3
2026-06-26 21:00:00,299.2
2026-06-26 22:00:00,508.4
2026-06-26 23:00:00,454.7
2026-06-27 00:00:00,306.3
2026-06-27 01:00:00,13.6
2026-06-27 12:00:00,13.7
2026-06-27 13:00:00,40.699999999999996
2026-06-27 14:00:00,81.8
2026-06-27 15:00:00,255.6
2026-06-27 16:00:00,364.8
2026-06-27 17:00:00,306.8
2026-06-27 18:00:00,428.3
2026-06-27 19:00:00,459.09999999999997
2026-06-27 20:00:00,377.8
2026-06-27 21:00:00,349.9
2026-06-27 22:00:00,511.3
2026-06-27 23:00:00,530.6
2026-06-28 00:00:00,371.9
2026-06-28 12:00:00,56.4
2026-06-28 13:00:00,23.0
2026-06-28 14:00:00,101.2
2026-06-28 15:00:00,250.1
2026-06-28 16:00:00,425.5
2026-06-28 17:00:00,276.0
2026-06-28 18:00:00,578.1
2026-06-28 19:00:00,492.0
2026-06-28 20:00:00,360.4
2026-06-28 21:00:00,253.1
2026-06-28 22:00:00,221.2
2026-06-28 23:00:00,133.7
2026-06-29 13:00:00,31.9
2026-06-29 14:00:00,48.4
2026-06-29 15:00:00,108.5
2026-06-29 16:00:00,158.3
2026-06-29 17:00:00,139.9
2026-06-29 18:00:00,307.6
2026-06-29 19:00:00,277.9
2026-06-29 20:00:00,245.5
2026-06-29 21:00:00,209.4
2026-06-29 22:00:00,291.3
2026-06-29 23:00:00,133.5
2026-06-30 00:00:00,68.6
2026-06-30 12:00:00,18.9
2026-06-30 13:00:00,8.9
2026-06-30 14:00:00,100.9
2026-06-30 15:00:00,116.5
2026-06-30 16:00:00,202.2
2026-06-30 17:00:00,305.9
2026-06-30 18:00:00,282.7
2026-06-30 19:00:00,374.5
2026-06-30 20:00:00,235.6
2026-06-30 21:00:00,189.5
2026-06-30 22:00:00,300.1
2026-06-30 23:00:00,131.7
